{
    "orders": [
        {
            "orderno": "740745375",
            "date": "June 30, 2088 1:54:23: AM",
            "tracking": "IN039291",
            "custid": "11045",
            "customer": [
                {
                    "custid": "11045",
                    "fname": "Bob",
                    "lname": "Ross",
                    "address": "5032 Forbes Ave",
                    "city": "Pittsburgh",
                    "state": "PA",
                    "zip": "15213"
                }
            ]
        }
    ]

}